school discipline,racial disparity,zero tolerance,restorative justice,punitive measures,behavioral intervention,Filename
0,0,0,0,0,0,Euro J of Education - 2022 - Selwyn - The future of AI and education  Some cautionary notes.pdf
0,0,0,0,0,0,s10560-023-00931-2.pdf
0,0,0,0,0,0,s00146-023-01675-4.pdf
30,0,1,0,0,0,FILE_7032.pdf
76,1,11,25,0,1,CRDC_School_Suspension_REPORT.pdf
0,0,0,0,0,0,1-s2.0-S0952197623002555-main.pdf
95,3,0,5,0,0,Lost-Opportunities-REPORT-v17.pdf
88,0,1,0,0,0,facilitation-instructions-and-materials-revising-school-discipline-policies.pdf
9,1,24,0,1,0,ED629271.pdf
14,0,18,5,2,0,The influence of Student Discipline Practices on Students School.pdf
6,1,0,1,0,0,darling-hammond-et-al-2023-the-dynamic-nature-of-student-discipline-and-discipline-disparities.pdf
38,0,0,5,0,0,Impact_SEAD_Brief_V13.pdf
17,0,0,5,0,0,School-Discipline-2021-revised.pdf
34,1,4,0,0,0,An-Analysis-of-School-Discipline.pdf
23,0,5,0,0,0,NYC-Suspension-Effects-Behavioral-Academic-Outcomes-August-2021.pdf
47,0,95,20,0,0,Analysis of School Discipline Policies at a Title I High School i.pdf
0,0,0,0,0,0,s40537-023-00835-z.pdf
